

    {
      "owl":[
          {"item" : "<span class='item'><h1>1</h1></span>"},
          {"item" : "<span class='item'><h1>2</h1></span>"},
          {"item" : "<span class='item'><h1>3</h1></span>"},
          {"item" : "<span class='item'><h1>4</h1></span>"},
          {"item" : "<span class='item'><h1>5</h1></span>"},
          {"item" : "<span class='item'><h1>6</h1></span>"},
          {"item" : "<span class='item'><h1>7</h1></span>"},
          {"item" : "<span class='item'><h1>8</h1></span>"},
          {"item" : "<span class='item'><h1>9</h1></span>"},
          {"item" : "<span class='item'><h1>10</h1></span>"},
          {"item" : "<span class='item'><h1>11</h1></span>"},
          {"item" : "<span class='item'><h1>12</h1></span>"},
          {"item" : "<span class='item'><h1>13</h1></span>"},
          {"item" : "<span class='item'><h1>14</h1></span>"}
      ]
    }

